{
    "criteria": {
        "last_kill":{
            "trigger": "player_killed_entity",
            "conditions": {
                "player": {
                    "team": "hunters"
                },
                "entity": {"team": "speed_runner"}
                
            }
        }
    },
    "display": {
        "title": "游戏结束",
        "description": "杀死速通者",
        "icon": {
            "id": "copper_sword"
        },
        "frame": "challenge"
    },
    "rewards": {
        "function": "is_logic:relay"
    },
    "parent": "is_logic:manhunt"
}