{
    "title":{
        "text": "选择队伍",
        "color": "light_purple"
    },
    "body": [
        {
            "type": "item",
            "item": {
                "id": "compass",
                "components": {
                    "enchantments": {"vanishing_curse":1}
                }
            }
        },
        {
            "type": "plain_message",
            "contents": [{"text": "作者:哔哩哔哩一方Logic","color": "aqua"},{"text": "喜欢可以关注一下","color": "#EB7114"}]
        }
    ],
    "type":"multi_action",
    "actions": [
        {
            "label": {
                "text": "加入猎人",
                "color": "red"
            },
            "action": {
                "type": "run_command",
                "command": "trigger join_hunters set 1"
            }
        },
        {
            "label": {
                "text": "加入速通者",
                "color": "green"
            },
            "action": {
                "type": "run_command",
                "command": "trigger join_runner set 2"
            }
        },
        {
            "label": {
                "text": "重置时间",
                "color": "light_purple"
            },
            "action": {
                "type": "run_command",
                "command": "time set 0"
            }
        },
        {
            "label": {
                "text": "重置状态",
                "color": "light_purple"
            },
            "action": {
                "type": "run_command",
                "command": "function is_logic:reset"
            }
        },
        {
            "label": {
                "text": "聚集",
                "color": "light_purple"
            },
            "action": {
                "type": "run_command",
                "command": "tp @a @s"
            }
        }
    ]
}